score,day,contributors_timing,contributors_deep_sleep,contributors_restfulness,contributors_efficiency,contributors_latency,contributors_rem_sleep,contributors_total_sleep
65,2019-02-05,41,11,73,98,91,97,59
51,2019-02-06,10,4,66,96,99,79,34
71,2019-02-08,1,1,60,83,88,100,100
52,2019-02-09,74,1,63,96,90,40,35
34,2019-02-10,18,1,74,55,19,54,23
74,2019-02-11,14,1,66,83,94,100,100
58,2019-02-12,1,1,52,30,33,100,96
70,2019-02-13,20,1,57,97,48,100,100
72,2019-02-14,73,11,68,90,51,100,85
69,2019-02-15,19,6,65,100,85,100,82
82,2019-02-16,100,13,56,96,81,100,100
71,2019-02-18,39,1,61,55,78,100,98
61,2019-02-19,96,1,65,88,98,60,48
78,2019-02-20,56,3,72,96,73,100,98
65,2019-02-21,1,7,56,79,93,98,84
74,2019-02-22,1,12,53,96,98,100,100
63,2019-02-23,1,1,60,76,13,100,100
44,2019-02-24,90,1,62,74,85,15,24
75,2019-02-25,11,17,64,83,93,100,100
65,2019-02-26,72,3,67,95,96,61,65
75,2019-02-27,16,3,70,95,81,100,100
62,2019-02-28,53,51,68,88,85,59,53
78,2019-03-01,51,4,69,88,84,100,100
74,2019-03-02,22,25,66,98,93,99,87
71,2019-03-03,81,3,65,74,1,100,100
75,2019-03-04,10,3,59,97,99,100,100
74,2019-03-05,22,31,60,72,79,98,100
50,2019-03-06,39,3,68,93,78,46,41
75,2019-03-07,78,1,59,96,98,97,82
73,2019-03-08,44,1,62,88,93,99,89
63,2019-03-09,100,1,70,81,60,64,64
75,2019-03-10,23,8,50,93,98,100,100
78,2019-03-11,21,34,61,97,85,100,100
75,2019-03-12,8,17,58,93,98,100,100
60,2019-03-13,10,1,51,88,91,87,72
73,2019-03-14,100,1,65,72,22,100,96
69,2019-03-15,21,1,65,88,96,97,84
61,2019-03-16,20,7,62,90,96,83,64
68,2019-03-17,26,1,66,97,98,96,76
76,2019-03-18,19,10,60,98,94,100,100
65,2019-03-19,20,4,68,98,85,81,75
73,2019-03-20,14,24,67,100,91,98,87
63,2019-03-21,9,11,66,79,91,88,71
68,2019-03-22,2,1,61,90,43,100,100
74,2019-03-23,1,1,67,100,94,100,98
42,2019-03-24,15,13,62,93,98,22,24
71,2019-03-25,1,15,56,88,75,98,100
37,2019-03-26,1,1,50,76,90,31,29
71,2019-03-27,1,8,66,74,78,100,100
67,2019-03-28,23,1,58,81,46,100,94
57,2019-03-29,7,10,58,96,99,53,61
72,2019-03-30,1,1,56,96,93,100,100
55,2019-03-31,1,1,60,53,1,99,89
44,2019-04-01,20,1,68,86,94,20,33
73,2019-04-02,1,1,62,98,93,100,100
65,2019-04-03,4,1,59,72,40,100,100
67,2019-04-04,54,1,63,100,88,79,72
74,2019-04-05,35,13,59,81,76,99,100
30,2019-04-06,14,1,55,51,46,20,25
70,2019-04-07,100,13,64,90,82,60,73
74,2019-04-08,13,10,64,76,91,100,100
65,2019-04-09,7,2,59,51,72,97,94
74,2019-04-10,21,1,61,96,85,100,100
73,2019-04-11,18,1,60,95,81,100,100
71,2019-04-12,1,1,60,90,82,100,100
71,2019-04-13,12,4,58,79,82,100,100
51,2019-04-14,59,1,60,93,90,38,39
76,2019-04-15,10,24,65,98,85,100,100
68,2019-04-16,16,9,66,83,90,92,83
68,2019-04-17,20,1,62,88,23,100,100
60,2019-04-18,4,1,67,81,75,92,70
56,2019-04-19,1,12,59,72,84,73,65
43,2019-04-20,1,1,63,93,29,35,50
56,2019-04-21,49,1,61,88,90,55,52
62,2019-04-22,5,1,70,93,94,97,65
75,2019-04-23,16,15,62,88,88,100,100
54,2019-04-24,63,1,67,83,93,53,43
66,2019-04-25,15,1,57,88,79,99,83
73,2019-04-26,1,16,62,88,87,100,100
72,2019-04-27,4,1,60,83,96,100,100
75,2019-04-28,71,7,56,51,93,98,99
79,2019-04-29,73,1,64,76,93,100,100
57,2019-04-30,1,8,61,90,96,92,54
70,2019-05-01,100,2,72,96,84,96,61
54,2019-05-02,50,1,67,58,1,87,71
62,2019-05-03,94,1,56,65,91,63,63
71,2019-05-05,23,17,71,100,96,96,78
64,2019-05-06,100,1,57,72,39,90,72
74,2019-05-07,28,9,57,96,70,100,100
51,2019-05-08,76,1,65,97,96,33,33
48,2019-05-09,77,1,63,62,18,60,48
73,2019-05-10,12,1,64,79,90,100,100
69,2019-05-11,100,1,58,90,85,81,70
70,2019-05-12,86,1,66,83,93,85,71
81,2019-05-13,77,1,65,99,87,98,100
80,2019-05-14,55,2,67,100,98,100,100
67,2019-05-15,43,1,60,55,78,99,88
49,2019-05-16,89,1,53,72,96,38,33
60,2019-05-17,100,1,66,83,76,57,54
70,2019-05-18,24,1,68,100,88,87,86
77,2019-05-19,65,1,63,86,79,100,99
82,2019-05-20,90,1,65,99,81,100,100
75,2019-05-21,21,13,58,100,84,91,100
67,2019-05-22,16,1,62,83,23,100,100
77,2019-05-23,69,25,45,86,70,100,100
73,2019-05-24,32,17,52,69,86,100,100
42,2019-05-25,49,1,56,96,83,23,25
57,2019-05-26,95,7,63,97,91,40,43
69,2019-05-27,7,8,57,90,91,90,92
76,2019-05-28,18,48,52,93,75,100,100
49,2019-05-29,100,5,52,69,1,27,59
76,2019-05-30,51,1,54,96,86,98,100
72,2019-05-31,8,8,51,86,91,100,100
62,2019-06-01,80,25,52,97,78,50,60
34,2019-06-02,1,1,66,65,86,14,22
70,2019-06-03,1,15,52,72,81,100,100
67,2019-06-04,46,4,45,67,35,100,100
48,2019-06-05,96,1,49,81,51,40,38
67,2019-06-06,11,10,57,58,67,98,97
53,2019-06-07,1,21,35,55,51,98,73
49,2019-06-08,1,1,55,88,81,60,51
53,2019-06-09,48,1,48,69,54,26,74
66,2019-06-10,1,2,51,69,67,100,100
38,2019-06-11,24,1,45,88,72,23,30
66,2019-06-12,30,1,60,76,70,96,84
69,2019-06-13,5,3,57,79,83,95,98
64,2019-06-14,7,6,55,79,20,100,100
61,2019-06-15,12,1,65,100,75,85,70
43,2019-06-16,100,1,44,44,17,45,45
62,2019-06-18,82,5,49,51,29,89,84
77,2019-06-19,62,1,52,95,94,97,97
53,2019-06-20,7,24,62,93,91,50,48
69,2019-06-21,32,1,51,83,51,100,100
62,2019-06-22,100,13,73,96,67,54,52
69,2019-06-23,100,25,66,88,56,79,68
72,2019-06-24,1,15,52,83,97,100,100
70,2019-06-25,15,57,53,96,78,86,82
70,2019-06-26,15,5,57,74,75,99,100
53,2019-06-27,100,29,61,67,3,47,56
77,2019-06-28,31,34,61,93,86,97,96
31,2019-06-29,32,1,55,69,27,10,25
54,2019-06-30,45,28,61,69,8,78,64
59,2019-07-01,17,51,62,95,78,76,52
68,2019-07-02,24,20,48,67,46,100,100
56,2019-07-03,88,1,70,72,1,87,59
71,2019-07-04,14,3,50,76,91,100,100
70,2019-07-05,58,1,59,96,83,84,84
37,2019-07-06,1,22,60,55,6,52,42
56,2019-07-07,2,2,52,67,97,72,70
61,2019-07-08,12,20,59,60,1,97,95
56,2019-07-09,87,6,42,76,99,43,54
77,2019-07-10,74,11,56,58,97,100,100
69,2019-07-11,48,1,66,88,17,99,96
69,2019-07-12,93,25,70,90,40,77,74
63,2019-07-13,20,9,59,90,59,83,81
77,2019-07-14,41,21,56,95,75,100,100
72,2019-07-15,65,27,60,96,70,87,81
52,2019-07-16,25,26,65,69,27,71,57
38,2019-07-17,1,6,65,69,97,36,21
76,2019-07-18,8,45,60,99,67,100,100
40,2019-07-20,1,1,41,37,8,80,60
49,2019-07-21,17,14,50,98,64,57,46
55,2019-07-22,1,39,53,97,78,70,53
64,2019-07-23,100,32,58,83,91,60,54
74,2019-07-24,19,10,73,72,83,100,100
37,2019-07-25,45,8,59,48,1,39,41
72,2019-07-26,20,29,60,72,70,100,98
49,2019-07-27,1,17,70,100,81,43,40
60,2019-07-28,24,19,64,79,89,67,64
75,2019-07-29,24,33,53,74,86,100,100
57,2019-07-30,96,4,66,83,83,38,49
79,2019-07-31,18,57,69,99,67,100,100
64,2019-08-01,11,19,63,51,81,96,82
61,2019-08-02,100,14,65,99,81,31,54
51,2019-08-03,17,1,63,79,78,60,51
84,2019-08-04,34,56,67,99,97,100,100
61,2019-08-05,100,10,53,93,86,58,53
80,2019-08-07,24,66,73,96,91,98,91
76,2019-08-08,1,63,61,69,86,100,99
39,2019-08-09,63,6,64,55,8,37,37
72,2019-08-10,60,18,63,95,78,94,79
51,2019-08-11,15,23,64,90,72,54,46
82,2019-08-12,71,6,72,95,89,100,100
59,2019-08-13,35,62,73,100,64,51,48
65,2019-08-14,79,22,77,72,4,85,78
84,2019-08-15,95,24,67,98,83,95,98
84,2019-08-16,37,58,71,95,91,100,100
72,2019-08-17,71,64,79,93,81,65,64
64,2019-08-18,24,20,64,99,89,75,69
79,2019-08-19,46,71,75,96,72,92,86
81,2019-08-20,16,95,59,95,70,96,100
72,2019-08-21,11,47,70,100,72,96,83
82,2019-08-22,76,43,63,67,89,100,100
67,2019-08-23,39,11,74,95,81,82,73
70,2019-08-24,100,22,79,97,70,64,64
38,2019-08-25,67,19,66,72,19,8,27
87,2019-08-26,81,53,72,79,99,100,100
79,2019-08-27,66,12,62,99,70,100,100
82,2019-08-28,63,26,73,99,81,97,97
73,2019-08-29,79,16,62,79,83,75,86
64,2019-08-30,23,72,67,98,64,62,62
76,2019-08-31,20,44,58,93,70,100,100
79,2019-09-01,100,49,73,86,1,100,100
77,2019-09-02,42,27,60,74,91,100,100
78,2019-09-03,75,47,68,81,24,100,100
83,2019-09-04,53,33,67,96,97,100,100
77,2019-09-05,30,28,62,79,91,99,100
79,2019-09-06,14,65,62,83,89,100,100
61,2019-09-07,53,23,76,96,67,44,61
65,2019-09-08,28,47,91,90,83,65,58
64,2019-09-09,37,6,75,62,6,98,92
82,2019-09-10,76,21,75,95,72,99,98
70,2019-09-11,35,24,70,95,81,87,77
77,2019-09-12,38,38,63,69,86,96,100
64,2019-09-13,1,29,74,95,67,72,76
60,2019-09-14,100,13,70,93,97,32,46
77,2019-09-15,36,24,77,81,70,96,99
77,2019-09-16,17,44,61,86,78,100,100
68,2019-09-17,100,22,77,99,72,51,63
78,2019-09-18,15,23,73,90,89,100,100
79,2019-09-19,37,33,68,90,81,100,100
78,2019-09-20,16,54,60,95,81,96,100
79,2019-09-21,6,71,69,90,78,99,99
34,2019-09-22,36,19,71,62,18,17,24
84,2019-09-23,47,41,69,99,97,100,100
74,2019-09-24,25,46,60,65,67,96,100
81,2019-09-25,96,49,78,81,22,96,100
61,2019-09-26,100,34,69,88,89,36,45
80,2019-09-27,90,19,61,74,72,100,100
47,2019-09-28,55,5,70,79,81,29,32
76,2019-09-29,21,21,64,74,94,100,100
72,2019-09-30,10,43,73,83,23,100,100
77,2019-10-01,24,35,69,86,75,98,100
74,2019-10-02,12,41,64,76,70,98,100
54,2019-10-03,100,18,66,58,94,36,38
75,2019-10-04,5,84,77,81,20,100,99
52,2019-10-05,49,77,87,60,75,26,30
73,2019-10-06,18,47,46,48,99,99,100
84,2019-10-07,55,66,70,65,94,100,100
73,2019-10-08,15,65,66,74,24,100,100
78,2019-10-09,15,41,65,86,89,100,100
83,2019-10-10,32,68,73,83,94,95,100
59,2019-10-11,69,13,61,81,64,71,58
70,2019-10-12,53,38,77,90,97,71,68
68,2019-10-13,100,46,75,88,75,38,63
74,2019-10-14,65,39,86,90,32,95,82
78,2019-10-15,59,17,56,88,86,100,100
59,2019-10-16,97,31,60,58,54,62,56
81,2019-10-17,33,57,75,81,75,100,100
61,2019-10-18,100,13,58,72,21,72,69
76,2019-10-19,100,58,79,79,94,66,71
72,2019-10-20,24,58,61,74,97,97,79
65,2019-10-21,100,8,60,74,16,76,81
63,2019-10-22,16,38,47,65,67,64,89
83,2019-10-23,34,85,66,81,86,98,100
63,2019-10-25,100,13,64,76,12,76,73
80,2019-10-26,60,53,74,81,83,100,88
79,2019-10-27,30,48,57,86,94,100,100
72,2019-10-28,39,38,64,79,22,99,100
69,2019-10-29,91,54,80,83,94,56,55
47,2019-10-30,100,27,48,62,75,6,38
86,2019-10-31,54,81,73,81,81,98,100
80,2019-11-01,8,95,69,83,81,94,95
44,2019-11-02,63,23,48,58,81,23,34
57,2019-11-03,58,41,49,62,46,59,66
82,2019-11-04,59,68,58,76,78,100,100
79,2019-11-05,64,51,71,62,62,99,100
73,2019-11-06,16,3,58,88,86,98,100
82,2019-11-07,16,96,62,83,81,100,100
78,2019-11-08,21,35,71,72,99,96,100
76,2019-11-09,7,66,59,60,94,98,100
70,2019-11-10,4,46,52,58,64,100,100
81,2019-11-11,100,6,63,74,89,95,100
77,2019-11-12,22,48,56,81,86,100,100
77,2019-11-13,28,48,57,67,97,99,100
31,2019-11-14,1,9,59,23,89,19,22
56,2019-11-15,80,3,63,51,81,50,58
71,2019-11-16,1,27,69,83,91,97,88
70,2019-11-17,3,58,60,60,97,100,83
65,2019-11-18,1,21,54,46,51,100,100
40,2019-11-19,61,1,57,58,3,33,45
59,2019-11-20,67,1,77,62,78,70,55
45,2019-11-21,55,8,56,79,29,46,44
65,2019-11-22,82,10,63,86,72,71,67
65,2019-11-23,24,15,74,79,99,81,70
69,2019-11-24,36,26,58,65,97,77,87
51,2019-11-25,75,2,55,62,7,67,61
55,2019-11-26,1,32,44,53,97,95,59
63,2019-11-27,63,17,64,72,75,79,66
62,2019-11-28,75,47,67,60,67,65,59
71,2019-11-29,10,20,55,81,91,99,92
75,2019-11-30,8,20,64,93,97,96,97
48,2019-12-01,45,14,70,100,72,30,32
68,2019-12-02,6,7,58,81,48,100,100
61,2019-12-03,68,1,58,81,51,78,69
75,2019-12-04,11,17,62,90,86,100,100
66,2019-12-05,21,10,67,72,5,100,100
68,2019-12-06,10,1,48,60,86,99,100
62,2019-12-07,76,20,52,62,99,48,68
61,2019-12-08,100,6,20,51,91,76,74
60,2019-12-09,21,1,45,53,21,98,96
30,2019-12-10,1,4,31,44,99,21,25
48,2019-12-11,100,13,44,55,21,29,57
80,2019-12-12,46,51,62,72,89,99,100
33,2019-12-13,62,14,54,48,1,24,28
71,2019-12-14,24,2,61,90,75,96,96
57,2019-12-15,100,23,67,76,83,40,43
60,2019-12-16,85,43,63,60,37,68,60
67,2019-12-17,79,10,52,81,83,87,71
43,2019-12-18,1,42,68,81,97,23,23
57,2019-12-19,69,19,65,81,17,64,62
72,2019-12-20,14,14,65,65,83,100,100
71,2019-12-21,32,22,72,88,86,78,84
60,2019-12-22,19,5,75,97,83,68,61
78,2019-12-23,5,61,57,97,83,100,100
74,2019-12-24,27,10,78,93,46,100,100
73,2019-12-25,1,18,66,96,67,100,100
57,2019-12-26,1,20,41,65,83,75,75
54,2019-12-27,34,24,65,81,72,57,51
70,2019-12-28,1,1,60,62,97,100,100
73,2019-12-29,14,36,66,86,56,95,97
70,2019-12-30,77,1,45,34,70,100,100
68,2019-12-31,26,5,63,88,91,84,84
68,2020-01-01,1,33,51,48,70,100,100
86,2020-01-02,21,95,74,86,99,98,100
53,2020-01-03,100,13,57,53,2,67,59
62,2020-01-04,58,2,66,93,81,70,63
59,2020-01-05,21,4,65,88,62,85,66
59,2020-01-06,73,1,54,58,1,92,83
72,2020-01-07,100,26,49,76,99,80,77
61,2020-01-08,92,20,62,79,46,54,64
76,2020-01-09,87,18,72,97,99,87,75
78,2020-01-10,88,19,80,100,59,91,86
71,2020-01-11,58,16,63,90,81,95,80
77,2020-01-12,60,17,67,81,91,98,92
62,2020-01-13,81,42,68,79,21,71,64
70,2020-01-14,20,2,51,74,78,100,100
79,2020-01-15,100,24,62,83,97,66,92
48,2020-01-16,67,2,63,48,22,66,51
77,2020-01-17,51,9,74,60,94,100,100
65,2020-01-18,56,78,76,86,75,78,48
66,2020-01-19,51,10,74,79,1,99,90
77,2020-01-23,10,37,72,81,86,100,100
65,2020-01-24,3,5,50,93,81,96,85
40,2020-01-26,1,7,48,83,75,41,36
63,2020-01-27,72,12,64,81,72,66,67
70,2020-01-28,39,15,64,79,86,86,85
80,2020-01-29,100,25,69,97,81,92,86
66,2020-01-30,100,52,68,81,46,52,65
57,2020-01-31,10,22,81,96,83,79,45
59,2020-02-01,1,8,59,62,89,72,78
63,2020-02-02,19,7,67,74,86,70,77
,2020-02-03,,,,,,,
75,2020-02-04,30,10,59,86,83,100,100
61,2020-02-05,63,8,60,81,91,56,64
77,2020-02-06,8,59,62,60,97,100,100
77,2020-02-07,73,28,65,86,86,92,87
78,2020-02-08,25,34,63,83,89,100,100
81,2020-02-09,70,33,76,86,81,98,94
66,2020-02-10,35,1,60,53,67,97,92
75,2020-02-11,17,2,63,86,99,100,100
82,2020-02-12,21,55,74,95,89,100,100
67,2020-02-13,29,17,57,62,24,97,100
64,2020-02-14,1,48,85,98,75,84,58
75,2020-02-15,1,33,66,81,89,100,100
62,2020-02-16,27,12,73,88,86,71,65
79,2020-02-17,10,53,65,93,86,100,100
71,2020-02-18,6,8,66,76,72,100,100
72,2020-02-19,22,11,58,74,75,99,100
55,2020-02-20,1,6,66,46,4,85,89
80,2020-02-21,26,39,83,100,97,98,91
79,2020-02-22,13,48,78,99,81,97,96
69,2020-02-23,10,1,63,90,51,99,100
54,2020-02-24,66,9,56,72,2,61,69
80,2020-02-25,100,17,72,96,83,92,87
65,2020-02-26,25,31,58,86,64,85,78
74,2020-02-27,100,49,63,93,89,74,69
80,2020-02-28,100,6,68,83,56,98,100
69,2020-02-29,42,27,61,90,94,84,76
76,2020-03-01,43,10,58,79,91,100,100
69,2020-03-02,100,1,65,58,86,78,77
72,2020-03-03,87,8,58,90,86,82,81
71,2020-03-04,59,17,51,86,99,85,83
70,2020-03-05,100,39,59,81,51,73,77
81,2020-03-06,98,21,64,83,78,92,97
80,2020-03-07,42,48,73,93,62,96,100
76,2020-03-08,100,36,87,96,83,77,67
84,2020-03-09,96,24,65,95,75,100,100
81,2020-03-10,100,25,71,98,99,96,80
71,2020-03-11,100,16,74,88,75,64,72
76,2020-03-12,100,22,70,93,81,89,78
75,2020-03-13,100,14,84,98,86,95,66
78,2020-03-14,48,11,61,93,91,100,100
64,2020-03-15,34,6,67,53,1,99,100
69,2020-03-16,84,2,65,51,97,87,77
43,2020-03-17,1,8,72,95,78,43,28
76,2020-03-18,39,1,74,100,59,100,100
59,2020-03-19,33,72,70,90,89,44,44
76,2020-03-20,7,20,63,96,89,99,100
76,2020-03-21,30,24,64,93,67,100,100
75,2020-03-22,34,14,65,88,72,97,100
73,2020-03-23,8,18,62,90,75,100,100
70,2020-03-24,3,3,68,62,81,100,100
73,2020-03-25,1,11,67,79,86,100,100
72,2020-03-26,4,36,54,72,78,100,100
64,2020-03-27,67,12,66,90,91,57,65
50,2020-03-28,44,1,57,65,83,50,49
77,2020-03-29,7,47,61,90,86,100,100
46,2020-03-30,100,1,60,86,91,20,22
66,2020-03-31,7,29,72,93,97,96,66
76,2020-04-01,21,37,57,96,72,97,100
67,2020-04-02,100,4,72,88,99,59,61
64,2020-04-04,100,1,82,93,37,83,58
56,2020-04-05,24,9,72,95,78,58,54
73,2020-04-06,41,5,66,90,48,100,100
68,2020-04-07,13,45,72,90,78,99,70
79,2020-04-08,74,25,69,96,75,99,90
77,2020-04-09,38,22,70,96,72,99,97
55,2020-04-10,1,12,60,90,91,64,57
76,2020-04-11,10,29,62,88,97,100,98
66,2020-04-12,76,1,66,72,27,98,83
76,2020-04-13,23,22,72,96,70,99,99
77,2020-04-14,100,5,72,96,56,98,87
54,2020-04-15,29,19,76,76,62,57,53
77,2020-04-16,23,18,61,95,91,100,100
70,2020-04-17,18,26,55,76,81,97,91
78,2020-04-18,31,37,68,86,75,100,100
81,2020-04-19,77,1,73,83,97,97,99
71,2020-04-20,55,2,62,83,81,96,87
72,2020-04-21,47,4,81,83,97,97,78
74,2020-04-22,17,14,70,95,91,99,91
73,2020-04-23,23,6,57,72,94,100,100
81,2020-04-24,100,3,62,83,89,96,98
78,2020-04-25,41,25,60,93,81,100,100
72,2020-04-26,37,8,50,76,75,100,100
80,2020-04-27,100,32,66,88,70,99,88
66,2020-04-28,100,2,68,65,1,100,83
85,2020-04-29,94,11,72,96,89,100,100
87,2020-04-30,100,12,78,100,89,100,100
84,2020-05-01,100,12,63,96,83,100,100
86,2020-05-02,74,41,74,97,89,100,100
77,2020-05-03,20,27,62,90,91,100,100
88,2020-05-04,100,39,72,96,89,100,100
65,2020-05-05,100,8,60,65,22,82,82
79,2020-05-06,100,37,70,98,97,97,72
84,2020-05-07,100,18,73,98,81,96,96
84,2020-05-08,100,19,68,95,99,95,95
79,2020-05-09,87,1,66,79,81,98,100
80,2020-05-10,81,5,59,98,78,100,100
83,2020-05-11,100,32,67,98,83,96,92
84,2020-05-12,100,9,70,100,75,99,100
86,2020-05-13,100,22,77,95,78,100,100
87,2020-05-14,100,36,64,93,97,98,100
88,2020-05-15,100,7,89,98,89,100,100
79,2020-05-16,100,24,61,79,43,100,100
79,2020-05-17,89,10,54,76,86,100,100
69,2020-05-18,100,5,68,88,81,85,66
80,2020-05-19,100,1,60,74,86,98,100
87,2020-05-20,100,49,55,95,94,100,100
90,2020-05-21,100,38,86,100,86,98,99
84,2020-05-22,100,13,57,97,94,99,100
84,2020-05-23,70,48,60,96,99,96,98
83,2020-05-24,100,11,58,97,81,100,100
77,2020-05-25,100,32,75,100,83,90,72
77,2020-05-26,100,17,67,99,91,81,81
71,2020-05-27,100,36,73,100,91,62,60
74,2020-05-28,100,49,59,86,72,70,78
79,2020-05-29,100,4,53,93,67,98,100
82,2020-05-30,92,12,61,97,97,95,97
49,2020-05-31,1,11,57,74,67,63,53
87,2020-06-01,100,51,64,96,81,100,100
82,2020-06-02,100,27,63,96,75,98,95
80,2020-06-03,100,1,63,95,89,92,93
76,2020-06-04,100,9,63,96,75,97,84
84,2020-06-05,100,33,61,74,94,100,100
47,2020-06-06,5,4,51,98,75,58,45
84,2020-06-07,81,27,68,93,86,100,100
75,2020-06-08,100,22,82,100,78,67,75
83,2020-06-09,100,9,61,88,97,100,100
55,2020-06-10,91,7,74,83,54,55,44
84,2020-06-11,100,12,71,93,81,98,100
75,2020-06-12,100,6,56,97,94,74,83
55,2020-06-13,9,20,59,93,70,78,55
40,2020-06-14,15,9,43,23,91,59,38
60,2020-06-15,73,17,47,55,24,71,83
81,2020-06-16,100,41,57,98,81,96,89
71,2020-06-17,100,14,52,72,1,100,100
74,2020-06-18,100,38,69,88,46,97,77
78,2020-06-19,95,45,56,83,75,91,87
59,2020-06-20,30,2,53,76,83,96,65
63,2020-06-21,57,9,59,90,75,87,64
76,2020-06-22,100,15,70,81,75,96,81
79,2020-06-23,100,1,67,90,81,95,91
80,2020-06-24,100,5,47,96,78,100,100
81,2020-06-25,100,14,54,83,83,100,100
80,2020-06-26,100,24,68,95,89,94,83
74,2020-06-27,88,1,54,86,70,95,92
59,2020-06-29,100,10,60,88,64,56,51
66,2020-06-30,65,4,61,74,1,100,92
70,2020-07-01,58,9,46,83,99,92,83
81,2020-07-02,93,5,53,96,86,100,100
66,2020-07-03,23,35,61,95,91,84,68
72,2020-07-04,100,41,74,100,70,80,61
56,2020-07-05,23,27,55,88,89,66,53
83,2020-07-06,100,35,55,81,81,100,100
66,2020-07-07,100,9,56,44,70,72,81
57,2020-07-08,100,15,68,65,1,63,64
66,2020-07-09,77,8,69,96,97,67,60
72,2020-07-10,74,3,62,90,23,100,96
42,2020-07-11,95,13,54,46,3,43,40
62,2020-07-16,100,5,70,79,23,74,67
72,2020-07-17,100,21,55,90,67,78,80
66,2020-07-18,55,26,61,76,46,85,80
70,2020-07-19,85,14,56,98,89,78,71
62,2020-07-20,100,19,54,96,75,44,57
71,2020-07-21,94,33,54,79,99,85,68
42,2020-07-22,100,20,44,53,94,14,22
76,2020-07-23,100,22,56,93,86,85,82
68,2020-07-24,49,51,61,93,83,71,68
56,2020-07-25,30,15,56,74,70,85,58
54,2020-07-26,20,35,69,86,91,46,46
78,2020-07-27,78,51,66,99,72,86,85
56,2020-07-28,100,6,51,79,29,58,60
67,2020-07-29,100,1,75,90,17,96,72
72,2020-07-30,100,11,47,74,20,96,100
81,2020-07-31,100,8,63,93,72,97,100
83,2020-08-01,72,47,61,96,94,98,96
54,2020-08-02,39,25,55,74,78,52,53
68,2020-08-03,54,22,61,98,70,88,73
74,2020-08-04,100,5,70,86,94,79,76
73,2020-08-05,100,1,61,79,94,76,83
71,2020-08-06,92,10,47,72,15,100,99
78,2020-08-07,80,6,54,88,89,98,97
66,2020-08-09,26,55,65,83,91,89,64
70,2020-08-10,100,8,56,88,56,74,83
78,2020-08-11,100,35,47,69,75,98,96
81,2020-08-12,100,21,52,74,89,100,100
82,2020-08-13,100,1,59,96,83,98,100
66,2020-08-14,48,10,70,99,99,71,66
70,2020-08-15,48,27,47,83,86,93,84
83,2020-08-17,100,14,60,88,86,98,100
85,2020-08-18,100,42,49,88,99,100,100
77,2020-08-19,100,15,73,97,83,92,79
78,2020-08-20,100,15,48,97,78,89,95
69,2020-08-21,55,23,57,99,70,87,77
73,2020-08-22,100,59,77,95,78,67,62
79,2020-08-24,100,24,61,99,75,95,88
79,2020-08-25,100,8,81,98,56,92,90
79,2020-08-26,87,2,40,93,97,96,100
64,2020-08-27,100,10,55,88,81,67,61
70,2020-08-28,100,15,60,86,83,69,73
82,2020-08-29,68,66,47,93,72,100,100
77,2020-08-30,27,45,55,88,91,97,97
73,2020-08-31,100,16,62,98,81,63,80
72,2020-09-01,100,9,62,97,94,65,76
86,2020-09-02,100,63,66,69,89,98,98
78,2020-09-03,78,22,47,76,94,96,97
76,2020-09-04,100,15,48,65,70,85,100
80,2020-09-05,90,38,57,95,89,97,86
74,2020-09-06,32,58,64,96,64,96,85
59,2020-09-07,22,24,66,90,89,77,54
83,2020-09-08,100,20,62,90,91,98,97
67,2020-09-09,90,1,49,67,22,98,92
77,2020-09-10,77,32,49,86,97,96,87
79,2020-09-11,100,9,52,99,91,95,91
55,2020-09-12,50,18,53,90,75,58,51
75,2020-09-13,23,16,58,83,91,100,100
73,2020-09-14,100,42,62,97,83,57,73
70,2020-09-15,100,36,57,90,83,72,68
87,2020-09-16,86,56,65,90,99,95,100
81,2020-09-17,84,2,58,93,94,99,100
78,2020-09-18,100,15,49,76,64,96,100
75,2020-09-19,55,38,49,88,78,96,93
40,2020-09-20,4,16,61,62,37,46,41
79,2020-09-21,81,1,64,86,81,96,99
79,2020-09-22,86,4,60,83,83,98,99
81,2020-09-23,100,21,78,98,83,96,84
86,2020-09-24,100,68,53,90,75,100,100
83,2020-09-25,100,18,57,99,94,96,95
70,2020-09-26,51,3,55,96,72,97,85
74,2020-09-28,86,11,52,83,86,92,88
63,2020-09-29,100,17,45,74,59,63,72
77,2020-09-30,100,17,60,88,27,100,100
84,2020-10-01,100,20,60,83,97,100,100
80,2020-10-02,100,13,56,83,72,99,100
78,2020-10-03,97,23,59,96,94,94,81
68,2020-10-04,17,74,75,98,97,85,55
76,2020-10-05,58,25,77,96,81,98,82
79,2020-10-06,92,14,52,88,72,97,100
78,2020-10-07,100,1,64,90,97,89,88
76,2020-10-08,75,1,45,95,83,97,98
80,2020-10-09,100,32,65,96,99,89,82
68,2020-10-10,76,1,53,81,1,97,98
56,2020-10-11,27,6,56,95,91,62,57
68,2020-10-12,58,15,49,79,83,91,81
77,2020-10-13,53,15,63,96,64,100,100
61,2020-10-14,20,8,56,65,23,96,91
81,2020-10-15,23,51,69,100,78,100,100
79,2020-10-16,100,1,48,90,81,97,100
66,2020-10-17,84,18,68,98,91,64,59
56,2020-10-18,60,21,78,96,81,48,38
71,2020-10-19,73,17,53,79,11,100,99
67,2020-10-20,44,9,58,96,89,78,75
84,2020-10-21,100,1,72,98,83,100,100
69,2020-10-22,100,14,64,90,67,75,71
82,2020-10-23,86,29,47,90,99,100,98
68,2020-10-24,46,13,46,95,67,89,85
77,2020-10-25,24,27,54,95,91,100,100
84,2020-10-26,100,18,57,95,89,100,100
81,2020-10-27,100,1,58,88,86,100,100
68,2020-10-28,91,5,63,98,89,67,67
79,2020-10-29,100,25,64,98,97,91,80
64,2020-10-30,100,1,69,99,83,55,58
67,2020-10-31,29,28,69,100,78,96,66
66,2020-11-01,97,5,68,74,1,87,84
82,2020-11-02,86,28,57,97,75,100,100
61,2020-11-03,52,24,58,93,75,67,61
55,2020-11-04,19,4,63,23,67,100,69
89,2020-11-05,94,54,72,93,86,100,100
61,2020-11-06,100,7,54,74,91,52,57
77,2020-11-07,40,10,57,96,91,100,100
50,2020-11-08,97,24,64,67,20,52,41
82,2020-11-09,83,45,54,83,81,99,99
69,2020-11-10,100,3,77,98,81,79,62
78,2020-11-11,66,14,53,97,91,98,97
75,2020-11-12,87,23,58,83,83,95,84
68,2020-11-13,100,5,72,95,91,62,62
70,2020-11-14,17,1,59,97,70,100,93
79,2020-11-15,94,6,58,72,91,97,97
83,2020-11-16,87,56,48,93,78,97,100
69,2020-11-17,55,27,70,99,81,84,68
83,2020-11-18,51,39,68,99,97,100,99
79,2020-11-19,100,23,73,88,16,99,100
78,2020-11-20,100,14,74,88,19,100,100
65,2020-11-21,43,37,63,83,94,72,66
63,2020-11-22,20,9,70,88,51,95,74
87,2020-11-23,79,57,65,99,89,98,100
77,2020-11-25,100,27,76,95,81,85,76
57,2020-11-26,11,55,74,86,91,75,40
74,2020-11-27,31,36,69,100,83,97,83
69,2020-11-28,100,38,74,100,86,56,58
44,2020-11-29,61,9,65,58,7,71,39
84,2020-11-30,100,16,62,93,86,100,100
86,2020-12-01,100,22,78,90,81,97,100
69,2020-12-02,49,51,64,86,89,86,67
82,2020-12-03,100,22,61,74,89,98,100
72,2020-12-04,100,28,60,86,48,71,84
76,2020-12-05,70,3,60,95,91,97,89
76,2020-12-06,35,32,58,95,81,100,95
71,2020-12-07,90,10,56,67,8,99,100
81,2020-12-08,97,13,55,81,91,100,100
83,2020-12-09,100,19,58,97,72,100,100
77,2020-12-10,87,23,52,88,51,96,98
80,2020-12-11,100,26,58,81,64,97,100
79,2020-12-12,100,6,68,97,83,79,91
80,2020-12-13,59,21,66,100,75,100,100
85,2020-12-14,100,47,51,95,81,100,100
77,2020-12-15,82,6,50,90,81,98,97
65,2020-12-16,100,45,76,86,32,63,60
80,2020-12-17,100,42,72,98,54,88,88
82,2020-12-18,100,18,46,97,83,99,100
78,2020-12-19,32,18,63,88,97,100,100
86,2020-12-20,85,52,72,100,70,100,100
74,2020-12-21,37,25,59,79,64,100,100
76,2020-12-22,97,8,53,90,32,100,100
81,2020-12-23,100,11,51,86,81,100,100
72,2020-12-24,100,24,61,86,91,69,73
88,2020-12-26,100,34,74,100,83,100,100
75,2020-12-27,80,31,68,86,4,98,100
50,2020-12-28,100,10,53,72,43,44,42
81,2020-12-29,100,4,60,96,67,100,100
74,2020-12-30,61,15,66,81,86,96,85
81,2020-12-31,100,24,61,81,81,97,96
75,2021-01-01,20,33,68,100,67,100,95
75,2021-01-02,45,13,66,98,89,95,88
66,2021-01-03,25,54,56,88,97,78,68
81,2021-01-04,100,6,62,93,64,100,100
62,2021-01-05,71,9,58,41,1,100,88
83,2021-01-06,100,37,55,90,70,100,100
59,2021-01-07,100,1,55,96,86,52,50
78,2021-01-08,60,5,55,97,89,100,99
83,2021-01-09,64,54,59,99,78,100,100
61,2021-01-10,34,22,70,90,97,69,55
79,2021-01-11,100,5,57,95,56,97,100
72,2021-01-12,100,4,60,88,54,82,85
75,2021-01-13,100,17,60,98,72,91,82
69,2021-01-14,100,19,69,93,78,81,62
81,2021-01-15,100,44,60,100,89,85,87
76,2021-01-16,59,18,65,96,37,100,100
51,2021-01-17,65,1,55,27,10,100,65
82,2021-01-18,87,24,48,83,99,100,100
72,2021-01-19,100,6,63,95,54,92,80
67,2021-01-20,63,25,69,88,97,75,61
78,2021-01-21,75,29,55,67,78,97,100
79,2021-01-22,84,1,64,97,78,96,98
77,2021-01-23,53,24,65,99,91,96,88
65,2021-01-24,100,17,71,93,35,74,65
72,2021-01-25,71,1,48,69,59,99,100
80,2021-01-26,97,13,61,79,72,100,100
50,2021-01-27,100,5,47,48,91,41,42
81,2021-01-28,100,36,69,96,81,96,85
81,2021-01-29,95,21,58,67,91,100,100
69,2021-01-30,53,45,65,97,91,75,67
75,2021-01-31,23,64,57,96,67,100,91
83,2021-02-01,100,24,61,96,72,100,100
51,2021-02-02,100,1,57,83,62,45,38
82,2021-02-03,100,21,62,83,75,100,100
80,2021-02-04,100,4,70,99,97,95,86
77,2021-02-05,100,47,58,95,91,85,77
71,2021-02-06,71,1,40,76,83,99,92
74,2021-02-07,86,1,58,55,67,100,100
71,2021-02-08,100,23,73,88,32,74,80
75,2021-02-09,100,10,70,96,94,93,72
78,2021-02-10,100,3,63,100,86,94,87
68,2021-02-11,56,36,51,98,86,84,69
76,2021-02-12,100,3,65,72,89,97,87
70,2021-02-13,43,23,63,98,72,95,78
84,2021-02-14,84,27,62,95,91,100,100
78,2021-02-15,100,33,73,100,89,70,79
81,2021-02-16,100,6,74,99,89,96,88
85,2021-02-17,52,67,68,99,83,100,100
75,2021-02-18,100,32,78,98,91,78,68
73,2021-02-19,100,38,70,98,67,77,71
79,2021-02-20,55,39,60,99,94,99,89
85,2021-02-21,47,72,71,100,70,100,100
86,2021-02-22,100,75,62,86,89,97,90
58,2021-02-23,100,24,64,98,89,42,38
75,2021-02-24,89,16,63,93,72,97,82
71,2021-02-25,71,33,66,100,72,87,71
75,2021-02-26,100,37,86,93,27,94,77
71,2021-02-27,61,27,58,86,78,96,78
79,2021-02-28,23,38,65,90,89,100,100
84,2021-03-01,100,7,70,100,78,100,99
84,2021-03-02,91,41,69,100,70,100,96
59,2021-03-03,98,4,65,67,1,85,67
81,2021-03-04,100,9,74,100,70,97,92
79,2021-03-05,100,2,77,99,94,96,82
82,2021-03-06,100,51,71,93,97,95,78
78,2021-03-07,57,35,70,100,89,97,85
88,2021-03-08,100,42,66,100,91,100,100
69,2021-03-09,86,4,56,93,89,82,73
77,2021-03-10,97,1,56,95,78,97,90
83,2021-03-11,100,4,79,100,75,96,95
83,2021-03-12,100,22,63,100,86,97,93
50,2021-03-13,29,4,54,90,97,56,40
77,2021-03-14,84,45,58,93,19,96,100
89,2021-03-15,100,29,78,100,97,97,99
61,2021-03-16,100,17,75,93,62,54,49
78,2021-03-17,100,1,73,96,75,96,88
81,2021-03-18,22,96,74,88,94,99,85
83,2021-03-19,92,32,74,100,91,97,89
72,2021-03-20,69,16,63,88,86,86,81
75,2021-03-21,59,39,68,93,91,78,82
81,2021-03-22,100,23,64,99,67,97,93
83,2021-03-23,100,2,56,98,91,100,100
81,2021-03-24,81,20,55,95,81,100,100
57,2021-03-25,100,2,59,93,97,30,46
62,2021-03-26,100,6,60,99,94,24,60
80,2021-03-27,74,45,64,100,75,96,90
67,2021-03-28,45,4,61,99,89,85,72
79,2021-03-29,24,45,61,86,91,100,100
81,2021-03-30,100,63,67,83,72,96,85
56,2021-03-31,100,9,62,97,78,42,41
72,2021-04-01,63,29,59,95,75,92,78
82,2021-04-02,100,9,62,98,97,97,93
81,2021-04-03,100,37,63,96,91,95,85
77,2021-04-04,10,51,58,93,94,97,96
84,2021-04-05,100,27,75,99,91,97,91
80,2021-04-06,83,31,48,90,94,95,95
71,2021-04-07,100,58,65,98,78,59,63
62,2021-04-08,65,15,64,99,94,52,57
81,2021-04-09,85,38,62,60,89,98,100
54,2021-04-10,56,35,54,72,81,55,46
52,2021-04-12,94,2,62,76,78,44,37
76,2021-04-13,51,22,53,74,86,99,100
72,2021-04-14,100,11,69,90,83,78,72
83,2021-04-15,100,1,55,99,97,98,100
71,2021-04-16,100,17,71,100,75,72,69
62,2021-04-17,18,27,65,97,72,64,69
81,2021-04-18,55,38,66,98,67,100,100
70,2021-04-19,100,78,80,97,72,55,52
75,2021-04-20,64,8,64,93,91,100,85
80,2021-04-21,58,20,62,98,81,100,100
84,2021-04-22,100,32,67,96,99,89,93
82,2021-04-23,65,37,64,93,81,100,99
73,2021-04-24,20,46,60,96,89,96,85
82,2021-04-25,59,25,63,97,97,100,100
73,2021-04-26,43,2,49,99,67,99,100
76,2021-04-27,100,17,67,99,78,76,82
80,2021-04-28,72,4,62,98,81,98,100
67,2021-04-29,21,7,44,90,67,97,91
65,2021-04-30,70,49,60,90,72,57,63
72,2021-05-01,100,59,84,98,72,70,56
83,2021-05-02,68,31,62,95,89,99,100
67,2021-05-03,100,34,65,88,43,76,66
47,2021-05-04,95,1,52,90,91,16,28
53,2021-05-05,19,15,64,76,72,66,52
81,2021-05-06,82,18,54,98,86,100,100
60,2021-05-07,30,32,61,79,18,80,76
64,2021-05-08,77,19,61,86,91,64,60
52,2021-05-09,20,58,47,74,62,57,50
87,2021-05-10,100,44,70,98,81,96,99
78,2021-05-11,100,81,93,99,94,70,55
75,2021-05-12,45,34,67,96,70,96,87
63,2021-05-13,8,31,49,96,70,85,76
82,2021-05-14,100,46,73,99,75,96,85
42,2021-05-15,100,1,51,55,62,29,29
48,2021-05-16,50,13,64,86,64,40,38
84,2021-05-17,51,88,58,97,91,97,93
39,2021-05-18,49,22,68,30,91,6,27
72,2021-05-19,100,15,57,96,75,81,75
68,2021-05-20,44,24,65,98,75,88,73
81,2021-05-21,100,21,56,74,81,100,100
46,2021-05-22,100,17,49,53,21,51,41
44,2021-05-23,18,8,69,90,72,39,31
54,2021-05-24,100,10,63,79,22,60,50
77,2021-05-25,100,6,58,96,97,96,82
81,2021-05-26,95,1,56,97,91,100,99
55,2021-05-27,56,13,47,51,83,70,58
86,2021-05-28,99,24,60,98,94,100,100
73,2021-05-29,39,9,63,96,78,97,89
35,2021-05-30,1,9,47,55,64,43,31
81,2021-05-31,58,52,62,76,91,100,98
81,2021-06-01,70,32,63,97,78,99,98
71,2021-06-02,41,23,59,90,94,95,79
78,2021-06-03,100,15,57,76,91,96,89
46,2021-06-04,16,7,41,81,94,48,43
31,2021-06-05,4,16,54,74,51,13,19
77,2021-06-06,40,22,63,95,64,98,100
76,2021-06-07,66,18,60,99,75,96,91
62,2021-06-08,37,29,60,55,86,95,64
73,2021-06-09,100,88,71,97,91,64,52
71,2021-06-10,100,15,47,90,97,76,75
76,2021-06-11,92,32,62,96,83,92,78
51,2021-06-12,14,43,49,83,64,51,51
59,2021-06-13,14,26,50,90,64,83,69
60,2021-06-14,21,29,58,98,67,68,65
54,2021-06-15,100,36,47,69,83,33,41
63,2021-06-16,74,27,60,74,78,60,64
60,2021-06-17,74,25,56,98,67,47,59
60,2021-06-18,20,3,65,81,81,93,65
59,2021-06-19,52,13,49,69,89,70,65
67,2021-06-20,78,6,87,83,43,64,77
66,2021-06-21,100,34,63,90,91,60,54
73,2021-06-22,100,45,62,81,83,83,69
64,2021-06-23,88,38,43,74,72,71,68
58,2021-06-24,57,20,53,69,35,81,69
61,2021-06-25,61,23,55,97,75,69,59
53,2021-06-26,44,7,62,81,19,79,60
65,2021-06-27,48,30,45,72,56,83,83
73,2021-06-28,83,21,55,81,89,77,83
59,2021-06-29,32,21,64,81,56,93,61
35,2021-06-30,65,1,59,60,12,41,23
47,2021-07-01,85,13,76,67,89,18,24
74,2021-07-02,87,36,64,98,72,84,75
68,2021-07-03,44,45,52,65,56,97,85
43,2021-07-04,82,1,50,79,54,34,31
72,2021-07-05,50,56,63,99,91,81,72
62,2021-07-06,50,21,48,96,78,80,63
68,2021-07-08,80,36,59,98,83,61,67
45,2021-07-09,100,6,55,83,62,16,28
78,2021-07-10,66,14,52,88,94,98,98
72,2021-07-11,92,36,51,86,78,76,78
71,2021-07-12,76,49,70,93,72,95,62
65,2021-07-13,67,18,61,76,97,71,65
64,2021-07-14,88,48,54,95,81,52,57
86,2021-07-15,87,78,58,83,91,98,97
45,2021-07-16,25,2,63,65,29,54,51
79,2021-07-17,85,47,75,74,75,99,85
64,2021-07-18,48,11,70,88,59,63,75
67,2021-07-19,66,41,66,95,56,96,61
93,2021-07-20,100,87,87,100,67,100,100
85,2021-07-21,100,40,70,100,94,97,89
67,2021-07-22,71,73,52,96,64,69,62
81,2021-07-23,93,73,61,88,62,99,87
72,2021-07-24,64,62,57,95,83,71,74
63,2021-07-25,13,36,72,100,78,78,63
66,2021-07-26,79,15,56,96,67,87,66
52,2021-07-27,40,40,72,100,75,43,32
58,2021-07-28,93,18,56,69,89,60,48
63,2021-07-29,27,31,58,86,91,70,68
81,2021-07-30,68,65,54,95,97,99,87
69,2021-07-31,20,22,58,96,70,95,85
67,2021-08-01,45,14,57,67,62,95,85
84,2021-08-02,56,71,62,86,86,99,100
63,2021-08-03,96,48,78,90,81,37,47
66,2021-08-04,66,3,64,67,46,81,84
81,2021-08-05,72,62,67,58,67,100,100
68,2021-08-06,56,42,51,62,12,97,95
49,2021-08-07,100,26,48,83,94,25,26
83,2021-08-08,47,46,77,100,67,100,100
79,2021-08-09,100,27,73,98,67,94,84
70,2021-08-10,53,17,65,96,86,83,76
67,2021-08-11,39,27,51,83,70,82,85
62,2021-08-12,100,22,55,93,78,42,59
75,2021-08-13,100,2,71,98,67,97,79
86,2021-08-14,75,77,47,95,97,100,98
59,2021-08-15,11,9,57,96,91,78,62
68,2021-08-16,80,10,56,62,78,89,80
61,2021-08-17,82,22,65,86,91,48,53
71,2021-08-18,45,1,63,93,94,100,80
70,2021-08-19,70,25,56,83,72,94,79
63,2021-08-20,24,28,63,51,94,79,73
41,2021-08-21,19,18,54,55,51,40,42
57,2021-08-22,87,43,64,81,70,24,48
68,2021-08-23,100,14,57,76,94,50,73
78,2021-08-24,100,19,64,96,72,96,86
70,2021-08-25,62,6,71,67,86,100,78
66,2021-08-26,64,46,77,98,72,70,56
72,2021-08-27,83,49,65,53,97,81,73
44,2021-08-28,45,3,59,74,23,51,46
81,2021-08-30,68,88,63,86,97,96,80
54,2021-08-31,94,30,81,62,46,31,43
71,2021-09-01,100,20,70,88,67,78,73
64,2021-09-02,71,42,73,100,99,33,52
88,2021-09-03,100,39,77,99,89,100,97
65,2021-09-04,73,62,63,81,70,68,58
69,2021-09-05,70,24,64,95,72,88,69
73,2021-09-06,20,35,80,97,91,97,77
73,2021-09-07,68,25,54,44,67,100,100
91,2021-09-08,100,70,76,98,78,98,100
70,2021-09-09,100,21,73,93,83,43,71
89,2021-09-10,100,62,75,90,75,100,100
82,2021-09-11,100,34,68,86,78,97,93
72,2021-09-12,43,32,51,90,81,95,87
60,2021-09-13,84,39,65,65,1,68,69
63,2021-09-14,87,31,60,60,15,58,81
86,2021-09-15,60,97,79,67,83,78,100
62,2021-09-16,100,34,50,90,94,43,51
82,2021-09-17,93,22,75,88,81,97,93
64,2021-09-18,86,2,58,97,81,67,64
79,2021-09-19,85,26,63,83,56,97,100
77,2021-09-20,91,8,67,79,75,97,91
88,2021-09-21,100,57,73,88,81,97,99
81,2021-09-22,97,70,70,74,97,97,77
85,2021-09-23,100,26,70,98,83,99,97
85,2021-09-24,89,80,71,88,81,99,89
44,2021-09-25,31,8,76,90,81,32,23
82,2021-09-26,71,7,78,88,91,100,100
56,2021-09-27,100,25,76,67,81,35,38
78,2021-09-28,100,58,81,90,64,96,71
74,2021-09-29,100,6,59,72,86,90,86
77,2021-09-30,100,14,57,67,83,97,91
66,2021-10-01,100,43,70,99,67,58,53
74,2021-10-02,61,59,67,81,40,96,85
57,2021-10-03,12,17,55,32,59,87,79
77,2021-10-04,75,59,84,86,72,85,77
68,2021-10-05,75,6,62,97,86,73,71
81,2021-10-06,100,30,78,93,75,96,86
61,2021-10-07,100,24,68,79,72,50,52
66,2021-10-08,62,32,63,62,78,76,72
88,2021-10-09,100,36,80,99,83,96,99
73,2021-10-10,87,23,47,53,91,96,89
77,2021-10-11,100,24,76,83,78,80,82
77,2021-10-12,61,30,59,81,75,96,98
81,2021-10-13,100,36,63,69,78,98,96
86,2021-10-14,100,75,74,93,89,97,85
83,2021-10-15,94,34,78,62,67,97,100
84,2021-10-16,67,96,62,81,94,100,88
62,2021-10-17,17,39,64,83,81,78,64
89,2021-10-18,100,77,81,83,62,100,100
59,2021-10-19,100,4,75,86,21,63,57
93,2021-10-20,100,90,71,76,94,100,100
69,2021-10-21,100,7,66,67,19,92,87
56,2021-10-22,74,7,63,67,1,87,67
75,2021-10-23,72,63,68,79,62,96,79
78,2021-10-24,50,39,57,88,86,98,94
85,2021-10-25,100,28,86,81,86,86,98
80,2021-10-26,83,24,65,72,78,100,100
89,2021-10-28,100,67,95,93,81,97,87
80,2021-10-29,100,73,58,62,72,98,89
67,2021-10-30,89,19,61,76,70,82,70
66,2021-10-31,42,4,49,72,81,97,82
39,2021-11-01,5,10,56,83,94,30,24
88,2021-11-02,38,84,85,86,89,100,100
78,2021-11-03,100,17,69,100,89,89,82
80,2021-11-04,90,49,80,93,56,96,85
74,2021-11-05,72,17,57,69,89,96,89
49,2021-11-06,25,6,75,62,1,71,60
79,2021-11-07,100,1,63,83,59,100,100
64,2021-11-09,90,4,60,88,27,78,74
66,2021-11-10,80,1,64,93,67,91,67
62,2021-11-11,91,19,50,74,48,74,69
84,2021-11-12,100,8,72,96,89,98,98
72,2021-11-13,56,38,63,88,97,89,74
58,2021-11-14,64,15,57,88,81,56,53
71,2021-11-15,100,32,61,55,29,96,88
52,2021-11-16,97,7,62,65,94,45,34
64,2021-11-17,70,31,60,76,86,77,59
89,2021-11-18,100,51,71,83,97,100,100
70,2021-11-19,74,17,68,98,70,96,70
56,2021-11-20,45,39,50,86,81,55,52
51,2021-11-21,47,24,46,96,75,28,49
74,2021-11-22,54,42,96,90,99,57,70
64,2021-11-23,35,24,61,79,97,81,67
80,2021-11-24,75,36,64,88,75,92,96
86,2021-11-25,88,70,80,95,83,96,87
83,2021-11-26,49,40,87,93,72,100,97
85,2021-11-27,60,95,77,88,78,96,90
88,2021-11-28,38,98,84,96,67,100,100
94,2021-11-29,100,88,87,93,97,97,96
84,2021-11-30,82,95,82,81,89,92,79
70,2021-12-01,71,25,96,93,21,97,71
85,2021-12-02,100,89,86,95,22,100,89
69,2021-12-03,80,77,96,76,15,78,63
80,2021-12-04,62,65,87,90,78,93,79
84,2021-12-05,69,7,92,79,97,100,100
88,2021-12-06,100,63,83,100,75,100,92
85,2021-12-07,100,65,78,95,91,96,81
47,2021-12-08,18,42,98,62,89,34,22
96,2021-12-09,100,98,86,100,86,100,100
90,2021-12-10,54,96,93,99,67,100,98
93,2021-12-11,72,95,84,95,94,98,100
85,2021-12-12,96,49,91,98,89,96,80
92,2021-12-13,70,97,85,100,78,100,100
79,2021-12-14,65,65,83,96,86,97,72
80,2021-12-15,52,62,90,90,89,98,77
82,2021-12-16,56,96,98,96,46,98,81
75,2021-12-17,26,95,84,99,70,84,71
93,2021-12-18,89,74,89,95,91,100,100
78,2021-12-19,17,62,91,99,91,95,79
86,2021-12-20,100,96,82,81,83,84,80
89,2021-12-21,94,31,96,100,75,100,100
79,2021-12-22,33,95,91,88,54,99,81
92,2021-12-23,60,99,86,96,86,100,100
76,2021-12-24,75,54,87,86,35,98,81
75,2021-12-25,42,47,92,95,35,95,85
85,2021-12-26,100,96,94,98,86,89,69
81,2021-12-27,92,63,77,95,81,99,76
85,2021-12-28,73,64,83,96,59,100,96
77,2021-12-29,77,96,79,86,19,97,80
93,2021-12-30,100,79,80,95,89,100,100
94,2021-12-31,100,95,82,93,94,98,96
79,2022-01-01,35,96,86,74,78,96,79
89,2022-01-02,76,71,85,95,67,100,100
64,2022-01-03,100,17,88,95,89,46,46
95,2022-01-04,85,100,91,97,72,100,100
66,2022-01-05,21,49,81,98,78,73,61
81,2022-01-06,80,42,84,90,22,100,100
85,2022-01-07,47,85,78,99,70,96,96
80,2022-01-08,100,85,72,93,78,77,73
92,2022-01-09,54,97,86,99,91,100,100
79,2022-01-10,100,72,93,100,72,84,63
84,2022-01-11,100,54,84,97,83,92,82
82,2022-01-12,100,66,88,95,89,91,71
86,2022-01-13,98,55,85,93,91,100,86
88,2022-01-14,100,57,88,98,81,100,89
90,2022-01-15,90,96,87,76,56,100,100
83,2022-01-16,67,69,79,72,99,97,88
84,2022-01-17,67,38,77,98,83,100,97
86,2022-01-18,100,95,97,100,67,95,73
84,2022-01-19,64,96,83,97,91,98,76
76,2022-01-20,68,24,94,93,72,97,75
81,2022-01-21,100,25,94,100,83,90,77
92,2022-01-22,81,65,98,100,83,100,99
85,2022-01-23,58,96,85,93,91,98,83
90,2022-01-24,88,64,81,93,94,100,98
90,2022-01-25,100,48,86,97,91,100,96
87,2022-01-26,99,62,95,100,78,96,84
88,2022-01-27,100,41,94,93,72,97,97
66,2022-01-28,100,30,81,86,99,62,46
87,2022-01-29,79,23,88,99,86,100,100
95,2022-01-30,99,96,85,100,75,100,100
89,2022-01-31,100,49,86,95,83,97,95
88,2022-02-01,100,67,83,99,72,100,90
84,2022-02-02,95,84,84,88,83,91,79
96,2022-02-03,100,96,83,90,97,100,100
94,2022-02-04,100,84,88,99,72,100,100
81,2022-02-05,75,34,83,95,78,97,87
67,2022-02-06,71,13,99,83,70,75,60
76,2022-02-07,100,57,90,95,43,92,69
76,2022-02-09,91,95,73,81,75,79,65
74,2022-02-10,96,39,73,83,12,98,86
85,2022-02-11,100,36,92,96,83,97,87
91,2022-02-12,93,62,94,100,94,97,91
85,2022-02-13,100,39,86,88,78,100,90
74,2022-02-14,74,49,92,72,12,97,85
82,2022-02-15,81,85,88,74,91,64,81
81,2022-02-16,100,46,79,90,89,82,82
68,2022-02-17,61,42,80,53,59,90,74
87,2022-02-18,100,87,85,100,75,97,82
76,2022-02-19,65,54,87,93,24,100,83
86,2022-02-20,85,54,80,65,94,100,98
75,2022-02-21,100,79,98,90,37,88,60
90,2022-02-22,100,38,85,96,89,100,100
95,2022-02-23,100,95,90,95,97,98,94
80,2022-02-24,83,51,94,95,81,96,73
86,2022-02-25,84,56,73,86,97,97,94
86,2022-02-26,49,97,98,93,97,99,80
82,2022-02-27,78,38,95,90,37,100,95
50,2022-02-28,17,24,88,51,1,77,58
94,2022-03-01,100,95,92,96,97,96,90
70,2022-03-02,26,57,82,97,94,90,61
97,2022-03-03,99,97,87,98,97,100,99
92,2022-03-04,79,96,81,88,99,100,96
83,2022-03-05,62,59,84,76,86,100,93
89,2022-03-06,76,77,90,93,59,100,100
88,2022-03-07,84,99,98,81,86,92,83
88,2022-03-08,94,64,78,86,64,100,100
90,2022-03-09,78,96,76,76,89,100,100
94,2022-03-10,73,98,85,98,91,100,100
84,2022-03-11,74,73,82,86,94,96,85
52,2022-03-12,9,63,94,90,72,36,31
77,2022-03-13,15,64,87,97,81,98,80
88,2022-03-14,100,66,92,96,91,97,83
91,2022-03-15,79,88,79,81,97,100,100
89,2022-03-16,90,99,86,97,97,96,79
85,2022-03-17,100,62,90,86,94,99,77
75,2022-03-18,58,69,79,97,81,97,65
79,2022-03-19,64,70,79,97,91,96,71
83,2022-03-20,100,89,96,98,83,95,63
68,2022-03-21,72,28,77,76,91,81,62
84,2022-03-22,100,57,84,90,89,97,80
83,2022-03-23,100,53,98,93,75,97,76
83,2022-03-24,76,55,91,98,86,98,80
58,2022-03-25,100,63,94,60,94,29,26
79,2022-03-26,83,9,78,90,37,100,100
82,2022-03-27,15,51,95,93,97,97,92
93,2022-03-28,100,96,83,83,75,93,100
87,2022-03-29,100,81,86,90,54,96,90
85,2022-03-30,100,97,82,90,97,85,74
85,2022-03-31,67,69,78,69,81,100,98
81,2022-04-01,91,63,86,96,91,93,71
74,2022-04-02,51,96,65,86,29,98,81
87,2022-04-03,49,96,89,79,91,100,91
89,2022-04-04,70,70,84,96,78,100,100
89,2022-04-05,70,82,76,95,75,100,100
81,2022-04-06,34,47,79,79,81,100,100
74,2022-04-07,100,98,86,99,86,60,49
89,2022-04-08,100,79,95,99,72,96,86
88,2022-04-09,54,72,82,88,89,100,100
80,2022-04-10,96,40,89,93,15,99,92
94,2022-04-11,100,95,84,98,91,100,95
76,2022-04-12,100,57,93,97,67,83,61
94,2022-04-13,92,97,83,96,91,100,96
94,2022-04-14,100,97,82,96,81,99,99
91,2022-04-15,100,78,86,96,97,98,90
89,2022-04-16,66,95,86,97,94,100,89
87,2022-04-17,67,93,86,90,40,100,100
89,2022-04-18,100,96,79,93,81,95,88
90,2022-04-19,100,61,91,74,75,98,100
93,2022-04-20,100,96,90,74,91,98,95
75,2022-04-21,100,95,79,100,70,76,53
93,2022-04-22,100,96,76,88,86,100,100
89,2022-04-23,86,46,88,97,75,100,100
76,2022-04-24,78,19,83,98,64,99,78
65,2022-04-25,64,36,92,83,32,88,60
77,2022-04-26,99,70,85,81,78,86,64
87,2022-04-27,100,97,90,97,91,98,71
82,2022-04-28,71,34,87,97,70,100,90
76,2022-04-29,100,55,85,86,78,72,68
89,2022-04-30,96,74,91,100,67,100,91
65,2022-05-01,17,81,78,83,70,69,61
81,2022-05-02,100,20,82,96,91,95,80
79,2022-05-03,86,75,91,96,35,100,75
81,2022-05-04,45,46,70,69,91,100,100
91,2022-05-05,72,96,85,90,83,100,98
65,2022-05-06,40,36,80,55,86,99,60
84,2022-05-07,69,88,91,99,75,97,78
83,2022-05-08,46,80,84,72,78,100,95
80,2022-05-09,99,95,76,88,51,96,73
91,2022-05-10,61,96,98,100,89,100,90
76,2022-05-11,84,47,93,93,94,98,59
81,2022-05-12,51,30,82,96,81,100,95
51,2022-05-13,15,62,94,79,70,29,30
92,2022-05-14,91,98,85,95,51,100,100
85,2022-05-15,44,95,78,60,83,98,100
84,2022-05-16,61,93,83,86,40,100,95
77,2022-05-17,100,80,93,98,75,71,60
80,2022-05-19,54,96,91,93,94,53,76
80,2022-05-20,89,57,82,99,86,98,72
70,2022-05-21,18,53,89,96,81,97,62
61,2022-05-22,93,90,86,74,12,49,46
95,2022-05-23,100,95,84,95,83,100,100
81,2022-05-24,85,95,73,74,78,96,77
89,2022-05-25,76,62,93,97,78,100,97
87,2022-05-26,65,75,79,90,78,100,97
82,2022-05-27,100,55,87,99,75,96,77
95,2022-05-28,89,95,89,99,83,100,100
73,2022-05-29,44,7,91,97,97,76,78
89,2022-05-30,74,96,81,81,78,100,97
63,2022-05-31,100,87,90,98,75,26,32
90,2022-06-01,85,94,73,96,83,98,95
89,2022-06-02,86,81,87,98,72,98,94
86,2022-06-03,82,73,79,86,70,98,95
95,2022-06-04,100,92,85,98,81,100,100
93,2022-06-05,80,99,92,95,89,98,91
85,2022-06-06,100,96,82,79,78,98,79
72,2022-06-07,100,70,87,96,75,69,52
89,2022-06-08,93,61,85,90,67,100,100
80,2022-06-09,100,89,90,90,78,77,67
70,2022-06-10,56,25,83,100,62,100,67
87,2022-06-11,46,97,84,93,75,98,97
89,2022-06-12,76,96,85,90,94,95,88
95,2022-06-13,97,84,93,93,89,100,100
86,2022-06-14,93,89,81,86,22,100,100
75,2022-06-15,13,96,84,46,83,100,81
93,2022-06-16,69,92,94,100,78,100,99
87,2022-06-17,73,97,89,86,78,99,86
79,2022-06-18,51,92,83,93,89,88,73
76,2022-06-19,13,63,74,81,70,96,94
66,2022-06-20,45,97,79,74,67,67,54
67,2022-06-21,100,28,86,69,17,86,65
87,2022-06-22,86,96,85,86,20,100,100
90,2022-06-23,70,94,87,98,72,97,97
88,2022-06-24,94,97,95,90,29,96,95
84,2022-06-25,72,51,79,79,72,100,98
91,2022-06-26,66,97,85,88,78,100,100
94,2022-06-27,80,97,89,83,97,100,100
70,2022-06-28,36,77,93,86,89,64,59
86,2022-06-29,79,62,76,83,67,100,100
83,2022-06-30,64,47,77,83,75,100,99
59,2022-07-01,100,38,86,83,75,48,34
57,2022-07-02,100,14,81,88,59,34,43
84,2022-07-03,62,49,81,90,72,100,100
75,2022-07-04,39,26,83,83,35,99,98
70,2022-07-05,100,14,63,99,75,58,75
84,2022-07-06,100,28,79,98,86,95,91
72,2022-07-07,61,49,66,93,97,81,70
85,2022-07-08,100,70,78,86,97,95,81
86,2022-07-09,96,88,65,99,97,82,86
80,2022-07-10,43,41,67,86,70,100,100
87,2022-07-11,100,80,64,53,89,100,100
76,2022-07-12,65,23,65,86,35,100,100
45,2022-07-13,20,3,60,39,29,86,52
93,2022-07-14,100,78,80,96,89,100,100
70,2022-07-15,100,53,81,74,75,66,61
75,2022-07-16,77,56,63,88,72,96,77
87,2022-07-17,97,59,72,93,64,100,100
71,2022-07-18,67,8,61,81,27,98,95
85,2022-07-19,100,59,78,95,97,97,81
85,2022-07-20,93,51,75,79,91,96,93
81,2022-07-21,81,26,66,74,89,99,97
69,2022-07-22,51,30,69,95,75,82,71
75,2022-07-23,42,56,64,97,67,98,83
72,2022-07-24,51,41,73,99,72,94,71
76,2022-07-25,62,18,60,86,89,97,92
84,2022-07-26,72,22,69,99,89,100,100
82,2022-07-27,72,15,65,95,91,100,100
84,2022-07-28,100,41,84,96,89,95,83
82,2022-07-29,63,24,75,97,89,100,96
79,2022-07-30,72,23,66,76,89,98,96
82,2022-07-31,23,71,79,88,70,100,99
66,2022-08-01,100,35,57,95,91,63,54
83,2022-08-02,85,20,74,83,97,98,96
84,2022-08-03,93,43,62,90,91,97,96
69,2022-08-04,100,95,84,81,18,61,60
81,2022-08-05,99,88,72,86,40,98,82
75,2022-08-06,92,24,59,86,13,100,100
76,2022-08-07,57,15,54,86,75,100,100
68,2022-08-08,84,40,70,88,70,72,62
76,2022-08-09,100,41,85,100,67,81,70
84,2022-08-10,100,50,80,98,86,99,81
75,2022-08-11,79,32,68,79,19,99,98
83,2022-08-12,82,73,61,90,43,100,100
74,2022-08-13,73,12,47,88,91,98,88
62,2022-08-14,45,25,58,86,62,77,68
85,2022-08-15,100,95,87,100,67,80,79
84,2022-08-16,76,84,72,99,89,96,82
75,2022-08-17,59,67,66,90,94,95,71
81,2022-08-18,64,51,69,88,54,100,100
86,2022-08-20,44,84,69,99,78,100,100
75,2022-08-21,52,50,68,76,9,100,100
81,2022-08-22,95,80,63,86,97,83,78
77,2022-08-23,81,31,62,72,40,98,100
80,2022-08-25,86,23,80,96,46,97,94
82,2022-08-26,72,15,64,93,91,100,100
64,2022-08-27,58,39,46,74,15,96,81
77,2022-08-28,47,50,68,83,83,96,87
87,2022-08-29,100,55,79,98,86,97,91
77,2022-08-30,84,63,68,83,15,95,95
82,2022-08-31,100,53,85,99,75,91,79
74,2022-09-01,92,25,76,98,81,88,70
83,2022-09-02,100,14,74,100,72,98,97
86,2022-09-03,92,69,68,88,97,96,90
82,2022-09-04,75,51,69,67,86,99,97
82,2022-09-05,82,62,53,76,75,98,100
78,2022-09-06,100,93,67,88,86,64,70
64,2022-09-07,59,54,78,51,27,91,69
80,2022-09-08,76,46,58,90,97,96,88
82,2022-09-09,71,47,65,83,86,100,96
51,2022-09-10,20,27,46,99,70,54,48
72,2022-09-11,38,45,81,86,48,97,82
80,2022-09-12,100,30,63,83,62,95,95
83,2022-09-13,100,66,73,97,78,96,82
87,2022-09-14,90,80,85,90,40,97,99
77,2022-09-15,64,57,77,95,70,97,78
75,2022-09-16,96,34,79,67,19,97,89
85,2022-09-17,41,74,68,88,86,100,100
85,2022-09-18,89,58,78,46,94,96,100
78,2022-09-19,100,10,78,83,18,100,100
84,2022-09-20,97,39,64,99,70,98,96
87,2022-09-21,61,90,74,96,86,97,94
91,2022-09-22,100,85,68,88,81,99,100
91,2022-09-23,99,71,82,95,89,97,97
72,2022-09-24,19,23,72,65,72,97,95
85,2022-09-25,69,97,52,81,75,100,100
75,2022-09-26,90,39,59,83,78,96,79
83,2022-09-27,89,33,85,86,83,92,91
89,2022-09-28,63,54,92,95,97,100,98
90,2022-09-29,79,95,86,99,97,95,88
92,2022-09-30,61,97,87,79,97,98,99
90,2022-10-01,76,97,74,81,83,100,100
67,2022-10-02,24,95,92,72,91,56,53
86,2022-10-03,100,47,82,88,62,99,98
94,2022-10-04,91,94,85,98,78,100,100
85,2022-10-05,70,95,90,79,22,100,100
84,2022-10-06,79,97,98,93,22,98,88
75,2022-10-07,72,34,85,95,54,96,79
75,2022-10-08,86,33,90,79,16,95,89
81,2022-10-09,40,26,92,100,97,100,88
83,2022-10-10,91,5,83,100,94,99,90
95,2022-10-11,100,96,84,96,78,100,100
75,2022-10-12,27,94,89,76,83,98,68
93,2022-10-13,100,95,89,100,81,97,91
89,2022-10-14,58,64,91,100,83,100,100
89,2022-10-15,51,96,86,98,64,100,100
75,2022-10-16,22,95,85,95,94,95,63
81,2022-10-17,77,67,85,86,83,93,79
90,2022-10-18,63,87,89,79,91,100,100
84,2022-10-19,100,61,93,100,97,72,78
90,2022-10-20,68,95,95,99,78,100,91
89,2022-10-21,57,59,90,99,86,100,100
84,2022-10-22,34,86,97,99,81,98,84
84,2022-10-23,54,48,90,98,59,100,100
89,2022-10-24,55,89,76,96,89,100,100
93,2022-10-25,81,93,83,86,94,100,100
76,2022-10-26,51,26,88,83,22,100,98
90,2022-10-27,71,95,86,95,86,96,93
89,2022-10-28,59,56,89,96,94,97,100
78,2022-10-29,88,67,98,76,1,100,87
60,2022-10-30,19,31,75,96,83,78,51
82,2022-10-31,100,96,87,95,75,96,66
88,2022-11-01,99,58,89,83,51,100,100
94,2022-11-02,100,97,88,97,64,100,100
87,2022-11-03,75,61,88,97,78,100,94
86,2022-11-04,95,32,83,90,72,100,100
79,2022-11-05,40,28,90,97,56,99,97
87,2022-11-06,61,93,98,100,89,100,80
91,2022-11-07,82,71,95,97,70,100,99
89,2022-11-08,85,43,93,97,91,98,97
87,2022-11-09,60,58,90,88,83,100,100
87,2022-11-10,87,24,87,99,83,98,100
96,2022-11-11,92,96,92,98,81,100,100
87,2022-11-12,60,48,87,97,83,100,99
95,2022-11-13,80,96,91,97,86,100,100
76,2022-11-14,65,71,90,81,83,91,67
85,2022-11-15,31,95,81,72,94,100,97
92,2022-11-16,92,77,84,99,78,99,100
81,2022-11-17,63,38,91,90,64,96,91
83,2022-11-18,78,36,84,96,86,74,96
62,2022-11-19,41,20,88,41,72,90,64
67,2022-11-20,100,46,90,96,99,55,39
65,2022-11-21,7,5,85,76,78,94,74
82,2022-11-22,37,67,76,95,70,98,96
84,2022-11-23,78,34,80,86,72,99,100
87,2022-11-24,43,95,80,88,70,100,100
84,2022-11-25,30,78,71,86,89,100,100
69,2022-11-26,19,58,72,62,17,97,94
77,2022-11-27,69,62,89,79,11,96,91
78,2022-11-28,100,66,87,95,72,75,69
84,2022-11-29,51,51,91,95,59,100,100
87,2022-11-30,44,63,88,95,83,100,100
92,2022-12-01,100,45,91,90,94,100,100
86,2022-12-02,53,96,78,69,78,100,100
78,2022-12-03,34,20,81,74,81,100,100
88,2022-12-04,26,97,88,96,83,100,100
89,2022-12-05,80,96,94,95,89,98,82
90,2022-12-06,50,95,83,96,89,100,100
62,2022-12-07,96,85,90,44,70,29,45
92,2022-12-08,62,96,89,93,86,100,100
87,2022-12-09,75,49,89,100,72,100,97
84,2022-12-10,44,47,93,100,70,98,97
84,2022-12-11,41,97,78,83,56,99,98
88,2022-12-12,69,84,93,95,72,100,92
92,2022-12-13,47,96,89,99,97,100,98
88,2022-12-14,87,79,77,76,70,100,100
94,2022-12-15,87,82,84,97,99,100,100
89,2022-12-16,90,97,88,99,86,95,84
87,2022-12-17,31,73,89,90,83,100,100
90,2022-12-18,57,79,86,90,91,100,100
89,2022-12-19,78,74,79,93,78,100,100
57,2022-12-20,100,69,74,72,97,27,26
84,2022-12-21,81,97,76,81,83,97,82
87,2022-12-22,73,41,84,95,89,100,100
82,2022-12-23,37,59,76,90,70,100,100
58,2022-12-24,94,67,76,100,62,39,30
91,2022-12-25,65,89,84,93,86,100,100
71,2022-12-26,91,95,96,97,97,51,40
84,2022-12-27,100,40,91,98,91,100,78
89,2022-12-28,75,61,92,98,72,100,100
82,2022-12-29,27,51,81,96,75,100,100
79,2022-12-30,100,86,84,95,97,74,59
90,2022-12-31,73,95,72,86,89,100,100
90,2023-01-01,85,73,85,86,81,100,100
85,2023-01-02,70,53,78,76,83,99,98
87,2023-01-03,75,74,95,93,46,100,97
70,2023-01-04,100,36,80,90,94,96,48
67,2023-01-05,86,28,90,97,67,97,46
87,2023-01-06,56,57,94,100,67,100,99
68,2023-01-07,31,45,86,79,56,100,69
84,2023-01-08,60,40,82,97,70,100,100
93,2023-01-09,98,85,85,98,72,100,100
87,2023-01-10,100,46,92,96,94,98,85
86,2023-01-11,100,69,95,97,48,98,86
78,2023-01-12,100,54,86,88,86,95,66
88,2023-01-13,82,84,87,99,64,100,92
86,2023-01-14,69,61,93,93,64,100,96
95,2023-01-15,86,95,90,98,89,100,100
95,2023-01-16,100,90,87,95,83,100,100
91,2023-01-17,100,51,87,98,91,100,97
82,2023-01-18,100,5,88,100,97,95,82
61,2023-01-19,100,1,99,97,97,48,35
85,2023-01-20,79,31,94,76,83,100,98
78,2023-01-21,58,65,90,100,75,97,70
84,2023-01-22,53,61,82,96,59,100,100
95,2023-01-23,91,96,88,98,78,100,100
89,2023-01-24,100,41,93,98,67,100,99
79,2023-01-25,98,27,78,98,59,92,84
72,2023-01-26,100,49,93,88,19,96,66
87,2023-01-27,57,73,80,96,78,99,100
85,2023-01-28,72,82,86,74,40,100,100
87,2023-01-29,66,49,77,96,91,100,100
92,2023-01-30,100,72,82,93,97,100,96
85,2023-01-31,83,48,83,99,83,100,88
90,2023-02-01,100,53,92,100,78,100,95
84,2023-02-02,63,36,79,86,91,100,100
87,2023-02-03,100,24,84,100,75,99,99
84,2023-02-04,24,48,90,96,86,100,100
83,2023-02-05,92,95,94,93,83,68,72
95,2023-02-06,100,80,95,100,94,99,95
82,2023-02-07,57,34,91,96,62,100,95
84,2023-02-08,94,25,88,100,97,100,82
88,2023-02-09,89,31,82,100,86,99,100
72,2023-02-10,100,17,76,81,59,96,73
93,2023-02-11,77,95,84,96,89,100,98
82,2023-02-12,24,96,77,69,70,100,100
88,2023-02-13,76,70,77,90,81,100,100
87,2023-02-14,98,35,83,74,89,100,100
86,2023-02-15,100,61,84,76,56,100,97
65,2023-02-16,100,35,88,76,43,82,52
79,2023-02-17,100,39,92,90,37,91,84
75,2023-02-18,66,27,91,79,23,99,90
84,2023-02-19,59,49,88,93,81,100,92
91,2023-02-20,69,80,79,98,94,100,100
93,2023-02-21,92,84,85,90,91,100,100
91,2023-02-22,61,96,86,95,83,100,100
93,2023-02-23,100,78,82,98,86,100,100
81,2023-02-24,100,25,88,97,91,96,76
89,2023-02-25,46,89,93,98,75,100,98
74,2023-02-26,23,48,94,76,59,100,84
90,2023-02-27,55,95,90,99,78,100,98
83,2023-02-28,91,50,91,98,81,88,80
82,2023-03-01,100,96,97,90,51,89,71
90,2023-03-02,68,94,97,100,89,100,88
81,2023-03-03,100,49,91,100,78,82,76
